Type,Class,Count,Survived,Survival Rate
all,1st,215,135,62.79069767
all,2nd,184,87,47.2826087
all,3rd,491,119,24.23625255
male,1st,118,41,34.74576271
male,2nd,97,8,8.24742268
male,3rd,304,37,12.17105263
child,1st,12,11,91.66666667
child,2nd,23,21,91.30434783
child,3rd,78,29,37.17948718
female,1st,85,83,97.64705882
female,2nd,64,58,90.625
female,3rd,109,53,48.62385321